MethodName,CoveredStatement,TotalStatement,StatementCoverage,CoveredBranch,TotalBranch,BranchCoverage
org.apache.commons.math3.analysis.solvers.AbstractUnivariateSolver.<init>,0,6,0.0%,0,0,NaN%
org.apache.commons.math3.analysis.solvers.AllowedSolution.<clinit>,0,6,0.0%,0,0,NaN%
org.apache.commons.math3.analysis.solvers.AllowedSolution.<init>,0,1,0.0%,0,0,NaN%
org.apache.commons.math3.analysis.solvers.AllowedSolution.valueOf,0,1,0.0%,0,0,NaN%
org.apache.commons.math3.analysis.solvers.AllowedSolution.values,0,1,0.0%,0,0,NaN%
org.apache.commons.math3.analysis.solvers.BaseAbstractUnivariateSolver.<init>,0,10,0.0%,0,0,NaN%
org.apache.commons.math3.analysis.solvers.BaseAbstractUnivariateSolver.computeObjectiveValue,0,2,0.0%,0,0,NaN%
org.apache.commons.math3.analysis.solvers.BaseAbstractUnivariateSolver.getAbsoluteAccuracy,0,1,0.0%,0,0,NaN%
org.apache.commons.math3.analysis.solvers.BaseAbstractUnivariateSolver.getEvaluations,0,1,0.0%,0,0,NaN%
org.apache.commons.math3.analysis.solvers.BaseAbstractUnivariateSolver.getFunctionValueAccuracy,0,1,0.0%,0,0,NaN%
org.apache.commons.math3.analysis.solvers.BaseAbstractUnivariateSolver.getMax,0,1,0.0%,0,0,NaN%
org.apache.commons.math3.analysis.solvers.BaseAbstractUnivariateSolver.getMaxEvaluations,0,1,0.0%,0,0,NaN%
org.apache.commons.math3.analysis.solvers.BaseAbstractUnivariateSolver.getMin,0,1,0.0%,0,0,NaN%
org.apache.commons.math3.analysis.solvers.BaseAbstractUnivariateSolver.getRelativeAccuracy,0,1,0.0%,0,0,NaN%
org.apache.commons.math3.analysis.solvers.BaseAbstractUnivariateSolver.getStartValue,0,1,0.0%,0,0,NaN%
org.apache.commons.math3.analysis.solvers.BaseAbstractUnivariateSolver.incrementEvaluationCount,0,4,0.0%,0,0,NaN%
org.apache.commons.math3.analysis.solvers.BaseAbstractUnivariateSolver.isBracketing,0,1,0.0%,0,0,NaN%
org.apache.commons.math3.analysis.solvers.BaseAbstractUnivariateSolver.isSequence,0,1,0.0%,0,0,NaN%
org.apache.commons.math3.analysis.solvers.BaseAbstractUnivariateSolver.setup,0,8,0.0%,0,0,NaN%
org.apache.commons.math3.analysis.solvers.BaseAbstractUnivariateSolver.solve,0,4,0.0%,0,0,NaN%
org.apache.commons.math3.analysis.solvers.BaseAbstractUnivariateSolver.verifyBracketing,0,2,0.0%,0,0,NaN%
org.apache.commons.math3.analysis.solvers.BaseAbstractUnivariateSolver.verifyInterval,0,2,0.0%,0,0,NaN%
org.apache.commons.math3.analysis.solvers.BaseAbstractUnivariateSolver.verifySequence,0,2,0.0%,0,0,NaN%
org.apache.commons.math3.analysis.solvers.BrentSolver.<init>,0,8,0.0%,0,0,NaN%
org.apache.commons.math3.analysis.solvers.BrentSolver.brent,0,58,0.0%,0,30,0.0%
org.apache.commons.math3.analysis.solvers.BrentSolver.doSolve,0,19,0.0%,0,10,0.0%
org.apache.commons.math3.analysis.solvers.UnivariateSolverUtils.<init>,0,1,0.0%,0,0,NaN%
org.apache.commons.math3.analysis.solvers.UnivariateSolverUtils.bracket,0,20,0.0%,0,14,0.0%
org.apache.commons.math3.analysis.solvers.UnivariateSolverUtils.forceSide,0,36,0.0%,0,24,0.0%
org.apache.commons.math3.analysis.solvers.UnivariateSolverUtils.isBracketing,0,5,0.0%,0,10,0.0%
org.apache.commons.math3.analysis.solvers.UnivariateSolverUtils.isSequence,0,1,0.0%,0,4,0.0%
org.apache.commons.math3.analysis.solvers.UnivariateSolverUtils.midpoint,0,1,0.0%,0,0,NaN%
org.apache.commons.math3.analysis.solvers.UnivariateSolverUtils.solve,0,8,0.0%,0,4,0.0%
org.apache.commons.math3.analysis.solvers.UnivariateSolverUtils.verifyBracketing,0,8,0.0%,0,4,0.0%
org.apache.commons.math3.analysis.solvers.UnivariateSolverUtils.verifyInterval,0,4,0.0%,0,2,0.0%
org.apache.commons.math3.analysis.solvers.UnivariateSolverUtils.verifySequence,0,3,0.0%,0,0,NaN%
org.apache.commons.math3.distribution.AbstractIntegerDistribution.<init>,4,8,50.0%,0,0,NaN%
org.apache.commons.math3.distribution.AbstractIntegerDistribution.checkedCumulativeProbability,0,5,0.0%,0,2,0.0%
org.apache.commons.math3.distribution.AbstractIntegerDistribution.cumulativeProbability,0,4,0.0%,0,2,0.0%
org.apache.commons.math3.distribution.AbstractIntegerDistribution.inverseCumulativeProbability,0,26,0.0%,0,28,0.0%
org.apache.commons.math3.distribution.AbstractIntegerDistribution.reseedRandomGenerator,0,3,0.0%,0,0,NaN%
org.apache.commons.math3.distribution.AbstractIntegerDistribution.sample,0,8,0.0%,0,4,0.0%
org.apache.commons.math3.distribution.AbstractIntegerDistribution.solveInverseCumulativeProbability,0,10,0.0%,0,8,0.0%
org.apache.commons.math3.distribution.AbstractRealDistribution.<init>,0,10,0.0%,0,0,NaN%
org.apache.commons.math3.distribution.AbstractRealDistribution.cumulativeProbability,0,1,0.0%,0,0,NaN%
org.apache.commons.math3.distribution.AbstractRealDistribution.getSolverAbsoluteAccuracy,0,1,0.0%,0,0,NaN%
org.apache.commons.math3.distribution.AbstractRealDistribution.inverseCumulativeProbability,0,41,0.0%,0,38,0.0%
org.apache.commons.math3.distribution.AbstractRealDistribution.probability,0,5,0.0%,0,2,0.0%
org.apache.commons.math3.distribution.AbstractRealDistribution.reseedRandomGenerator,0,3,0.0%,0,0,NaN%
org.apache.commons.math3.distribution.AbstractRealDistribution.sample,0,8,0.0%,0,4,0.0%
org.apache.commons.math3.distribution.AbstractRealDistribution$1.<init>,0,1,0.0%,0,0,NaN%
org.apache.commons.math3.distribution.AbstractRealDistribution$1.value,0,1,0.0%,0,0,NaN%
org.apache.commons.math3.distribution.BetaDistribution.<init>,0,10,0.0%,0,0,NaN%
org.apache.commons.math3.distribution.BetaDistribution.cumulativeProbability,0,5,0.0%,0,4,0.0%
org.apache.commons.math3.distribution.BetaDistribution.density,0,14,0.0%,0,12,0.0%
org.apache.commons.math3.distribution.BetaDistribution.getAlpha,0,1,0.0%,0,0,NaN%
org.apache.commons.math3.distribution.BetaDistribution.getBeta,0,1,0.0%,0,0,NaN%
org.apache.commons.math3.distribution.BetaDistribution.getNumericalMean,0,2,0.0%,0,0,NaN%
org.apache.commons.math3.distribution.BetaDistribution.getNumericalVariance,0,4,0.0%,0,0,NaN%
org.apache.commons.math3.distribution.BetaDistribution.getSolverAbsoluteAccuracy,0,1,0.0%,0,0,NaN%
org.apache.commons.math3.distribution.BetaDistribution.getSupportLowerBound,0,1,0.0%,0,0,NaN%
org.apache.commons.math3.distribution.BetaDistribution.getSupportUpperBound,0,1,0.0%,0,0,NaN%
org.apache.commons.math3.distribution.BetaDistribution.isSupportConnected,0,1,0.0%,0,0,NaN%
org.apache.commons.math3.distribution.BetaDistribution.isSupportLowerBoundInclusive,0,1,0.0%,0,0,NaN%
org.apache.commons.math3.distribution.BetaDistribution.isSupportUpperBoundInclusive,0,1,0.0%,0,0,NaN%
org.apache.commons.math3.distribution.BetaDistribution.recomputeZ,0,3,0.0%,0,2,0.0%
org.apache.commons.math3.distribution.BinomialDistribution.<init>,0,11,0.0%,0,6,0.0%
org.apache.commons.math3.distribution.BinomialDistribution.cumulativeProbability,0,6,0.0%,0,4,0.0%
org.apache.commons.math3.distribution.BinomialDistribution.getNumberOfTrials,0,1,0.0%,0,0,NaN%
org.apache.commons.math3.distribution.BinomialDistribution.getNumericalMean,0,1,0.0%,0,0,NaN%
org.apache.commons.math3.distribution.BinomialDistribution.getNumericalVariance,0,2,0.0%,0,0,NaN%
org.apache.commons.math3.distribution.BinomialDistribution.getProbabilityOfSuccess,0,1,0.0%,0,0,NaN%
org.apache.commons.math3.distribution.BinomialDistribution.getSupportLowerBound,0,1,0.0%,0,2,0.0%
org.apache.commons.math3.distribution.BinomialDistribution.getSupportUpperBound,0,1,0.0%,0,2,0.0%
org.apache.commons.math3.distribution.BinomialDistribution.isSupportConnected,0,1,0.0%,0,0,NaN%
org.apache.commons.math3.distribution.BinomialDistribution.probability,0,4,0.0%,0,4,0.0%
org.apache.commons.math3.distribution.CauchyDistribution.<init>,0,13,0.0%,0,2,0.0%
org.apache.commons.math3.distribution.CauchyDistribution.cumulativeProbability,0,1,0.0%,0,0,NaN%
org.apache.commons.math3.distribution.CauchyDistribution.density,0,2,0.0%,0,0,NaN%
org.apache.commons.math3.distribution.CauchyDistribution.getMedian,0,1,0.0%,0,0,NaN%
org.apache.commons.math3.distribution.CauchyDistribution.getNumericalMean,0,1,0.0%,0,0,NaN%
org.apache.commons.math3.distribution.CauchyDistribution.getNumericalVariance,0,1,0.0%,0,0,NaN%
org.apache.commons.math3.distribution.CauchyDistribution.getScale,0,1,0.0%,0,0,NaN%
org.apache.commons.math3.distribution.CauchyDistribution.getSolverAbsoluteAccuracy,0,1,0.0%,0,0,NaN%
org.apache.commons.math3.distribution.CauchyDistribution.getSupportLowerBound,0,1,0.0%,0,0,NaN%
org.apache.commons.math3.distribution.CauchyDistribution.getSupportUpperBound,0,1,0.0%,0,0,NaN%
org.apache.commons.math3.distribution.CauchyDistribution.inverseCumulativeProbability,0,8,0.0%,0,8,0.0%
org.apache.commons.math3.distribution.CauchyDistribution.isSupportConnected,0,1,0.0%,0,0,NaN%
org.apache.commons.math3.distribution.CauchyDistribution.isSupportLowerBoundInclusive,0,1,0.0%,0,0,NaN%
org.apache.commons.math3.distribution.CauchyDistribution.isSupportUpperBoundInclusive,0,1,0.0%,0,0,NaN%
org.apache.commons.math3.distribution.ChiSquaredDistribution.<init>,0,8,0.0%,0,0,NaN%
org.apache.commons.math3.distribution.ChiSquaredDistribution.cumulativeProbability,0,1,0.0%,0,0,NaN%
org.apache.commons.math3.distribution.ChiSquaredDistribution.density,0,1,0.0%,0,0,NaN%
org.apache.commons.math3.distribution.ChiSquaredDistribution.getDegreesOfFreedom,0,1,0.0%,0,0,NaN%
org.apache.commons.math3.distribution.ChiSquaredDistribution.getNumericalMean,0,1,0.0%,0,0,NaN%
org.apache.commons.math3.distribution.ChiSquaredDistribution.getNumericalVariance,0,1,0.0%,0,0,NaN%
org.apache.commons.math3.distribution.ChiSquaredDistribution.getSolverAbsoluteAccuracy,0,1,0.0%,0,0,NaN%
org.apache.commons.math3.distribution.ChiSquaredDistribution.getSupportLowerBound,0,1,0.0%,0,0,NaN%
org.apache.commons.math3.distribution.ChiSquaredDistribution.getSupportUpperBound,0,1,0.0%,0,0,NaN%
org.apache.commons.math3.distribution.ChiSquaredDistribution.isSupportConnected,0,1,0.0%,0,0,NaN%
org.apache.commons.math3.distribution.ChiSquaredDistribution.isSupportLowerBoundInclusive,0,1,0.0%,0,0,NaN%
org.apache.commons.math3.distribution.ChiSquaredDistribution.isSupportUpperBoundInclusive,0,1,0.0%,0,0,NaN%
org.apache.commons.math3.distribution.ExponentialDistribution.<clinit>,0,10,0.0%,0,2,0.0%
org.apache.commons.math3.distribution.ExponentialDistribution.<init>,0,10,0.0%,0,2,0.0%
org.apache.commons.math3.distribution.ExponentialDistribution.cumulativeProbability,0,4,0.0%,0,2,0.0%
org.apache.commons.math3.distribution.ExponentialDistribution.density,0,3,0.0%,0,2,0.0%
org.apache.commons.math3.distribution.ExponentialDistribution.getMean,0,1,0.0%,0,0,NaN%
org.apache.commons.math3.distribution.ExponentialDistribution.getNumericalMean,0,1,0.0%,0,0,NaN%
org.apache.commons.math3.distribution.ExponentialDistribution.getNumericalVariance,0,2,0.0%,0,0,NaN%
org.apache.commons.math3.distribution.ExponentialDistribution.getSolverAbsoluteAccuracy,0,1,0.0%,0,0,NaN%
org.apache.commons.math3.distribution.ExponentialDistribution.getSupportLowerBound,0,1,0.0%,0,0,NaN%
org.apache.commons.math3.distribution.ExponentialDistribution.getSupportUpperBound,0,1,0.0%,0,0,NaN%
org.apache.commons.math3.distribution.ExponentialDistribution.inverseCumulativeProbability,0,6,0.0%,0,6,0.0%
org.apache.commons.math3.distribution.ExponentialDistribution.isSupportConnected,0,1,0.0%,0,0,NaN%
org.apache.commons.math3.distribution.ExponentialDistribution.isSupportLowerBoundInclusive,0,1,0.0%,0,0,NaN%
org.apache.commons.math3.distribution.ExponentialDistribution.isSupportUpperBoundInclusive,0,1,0.0%,0,0,NaN%
org.apache.commons.math3.distribution.ExponentialDistribution.sample,0,17,0.0%,0,8,0.0%
org.apache.commons.math3.distribution.FDistribution.<init>,0,17,0.0%,0,4,0.0%
org.apache.commons.math3.distribution.FDistribution.calculateNumericalVariance,0,6,0.0%,0,2,0.0%
org.apache.commons.math3.distribution.FDistribution.cumulativeProbability,0,6,0.0%,0,2,0.0%
org.apache.commons.math3.distribution.FDistribution.density,0,8,0.0%,0,0,NaN%
org.apache.commons.math3.distribution.FDistribution.getDenominatorDegreesOfFreedom,0,1,0.0%,0,0,NaN%
org.apache.commons.math3.distribution.FDistribution.getNumeratorDegreesOfFreedom,0,1,0.0%,0,0,NaN%
org.apache.commons.math3.distribution.FDistribution.getNumericalMean,0,4,0.0%,0,2,0.0%
org.apache.commons.math3.distribution.FDistribution.getNumericalVariance,0,4,0.0%,0,2,0.0%
org.apache.commons.math3.distribution.FDistribution.getSolverAbsoluteAccuracy,0,1,0.0%,0,0,NaN%
org.apache.commons.math3.distribution.FDistribution.getSupportLowerBound,0,1,0.0%,0,0,NaN%
org.apache.commons.math3.distribution.FDistribution.getSupportUpperBound,0,1,0.0%,0,0,NaN%
org.apache.commons.math3.distribution.FDistribution.isSupportConnected,0,1,0.0%,0,0,NaN%
org.apache.commons.math3.distribution.FDistribution.isSupportLowerBoundInclusive,0,1,0.0%,0,0,NaN%
org.apache.commons.math3.distribution.FDistribution.isSupportUpperBoundInclusive,0,1,0.0%,0,0,NaN%
org.apache.commons.math3.distribution.GammaDistribution.<init>,0,21,0.0%,0,4,0.0%
org.apache.commons.math3.distribution.GammaDistribution.cumulativeProbability,0,4,0.0%,0,2,0.0%
org.apache.commons.math3.distribution.GammaDistribution.density,0,10,0.0%,0,6,0.0%
org.apache.commons.math3.distribution.GammaDistribution.getAlpha,0,1,0.0%,0,0,NaN%
org.apache.commons.math3.distribution.GammaDistribution.getBeta,0,1,0.0%,0,0,NaN%
org.apache.commons.math3.distribution.GammaDistribution.getNumericalMean,0,1,0.0%,0,0,NaN%
org.apache.commons.math3.distribution.GammaDistribution.getNumericalVariance,0,1,0.0%,0,0,NaN%
org.apache.commons.math3.distribution.GammaDistribution.getScale,0,1,0.0%,0,0,NaN%
org.apache.commons.math3.distribution.GammaDistribution.getShape,0,1,0.0%,0,0,NaN%
org.apache.commons.math3.distribution.GammaDistribution.getSolverAbsoluteAccuracy,0,1,0.0%,0,0,NaN%
org.apache.commons.math3.distribution.GammaDistribution.getSupportLowerBound,0,1,0.0%,0,0,NaN%
org.apache.commons.math3.distribution.GammaDistribution.getSupportUpperBound,0,1,0.0%,0,0,NaN%
org.apache.commons.math3.distribution.GammaDistribution.isSupportConnected,0,1,0.0%,0,0,NaN%
org.apache.commons.math3.distribution.GammaDistribution.isSupportLowerBoundInclusive,0,1,0.0%,0,0,NaN%
org.apache.commons.math3.distribution.GammaDistribution.isSupportUpperBoundInclusive,0,1,0.0%,0,0,NaN%
org.apache.commons.math3.distribution.GammaDistribution.sample,0,28,0.0%,0,14,0.0%
org.apache.commons.math3.distribution.HypergeometricDistribution.<init>,0,24,0.0%,0,10,0.0%
org.apache.commons.math3.distribution.HypergeometricDistribution.calculateNumericalVariance,0,4,0.0%,0,0,NaN%
org.apache.commons.math3.distribution.HypergeometricDistribution.cumulativeProbability,0,7,0.0%,0,4,0.0%
org.apache.commons.math3.distribution.HypergeometricDistribution.getDomain,0,1,0.0%,0,0,NaN%
org.apache.commons.math3.distribution.HypergeometricDistribution.getLowerDomain,0,1,0.0%,0,0,NaN%
org.apache.commons.math3.distribution.HypergeometricDistribution.getNumberOfSuccesses,0,1,0.0%,0,0,NaN%
org.apache.commons.math3.distribution.HypergeometricDistribution.getNumericalMean,0,1,0.0%,0,0,NaN%
org.apache.commons.math3.distribution.HypergeometricDistribution.getNumericalVariance,0,4,0.0%,0,2,0.0%
org.apache.commons.math3.distribution.HypergeometricDistribution.getPopulationSize,0,1,0.0%,0,0,NaN%
org.apache.commons.math3.distribution.HypergeometricDistribution.getSampleSize,0,1,0.0%,0,0,NaN%
org.apache.commons.math3.distribution.HypergeometricDistribution.getSupportLowerBound,0,2,0.0%,0,0,NaN%
org.apache.commons.math3.distribution.HypergeometricDistribution.getSupportUpperBound,0,1,0.0%,0,0,NaN%
org.apache.commons.math3.distribution.HypergeometricDistribution.getUpperDomain,0,1,0.0%,0,0,NaN%
org.apache.commons.math3.distribution.HypergeometricDistribution.innerCumulativeProbability,0,5,0.0%,0,2,0.0%
org.apache.commons.math3.distribution.HypergeometricDistribution.isSupportConnected,0,1,0.0%,0,0,NaN%
org.apache.commons.math3.distribution.HypergeometricDistribution.probability,0,11,0.0%,0,4,0.0%
org.apache.commons.math3.distribution.HypergeometricDistribution.upperCumulativeProbability,0,7,0.0%,0,4,0.0%
org.apache.commons.math3.distribution.NormalDistribution.<clinit>,0,2,0.0%,0,0,NaN%
org.apache.commons.math3.distribution.NormalDistribution.<init>,0,13,0.0%,0,2,0.0%
org.apache.commons.math3.distribution.NormalDistribution.cumulativeProbability,0,5,0.0%,0,4,0.0%
org.apache.commons.math3.distribution.NormalDistribution.density,0,3,0.0%,0,0,NaN%
org.apache.commons.math3.distribution.NormalDistribution.getMean,0,1,0.0%,0,0,NaN%
org.apache.commons.math3.distribution.NormalDistribution.getNumericalMean,0,1,0.0%,0,0,NaN%
org.apache.commons.math3.distribution.NormalDistribution.getNumericalVariance,0,2,0.0%,0,0,NaN%
org.apache.commons.math3.distribution.NormalDistribution.getSolverAbsoluteAccuracy,0,1,0.0%,0,0,NaN%
org.apache.commons.math3.distribution.NormalDistribution.getStandardDeviation,0,1,0.0%,0,0,NaN%
org.apache.commons.math3.distribution.NormalDistribution.getSupportLowerBound,0,1,0.0%,0,0,NaN%
org.apache.commons.math3.distribution.NormalDistribution.getSupportUpperBound,0,1,0.0%,0,0,NaN%
org.apache.commons.math3.distribution.NormalDistribution.inverseCumulativeProbability,0,3,0.0%,0,4,0.0%
org.apache.commons.math3.distribution.NormalDistribution.isSupportConnected,0,1,0.0%,0,0,NaN%
org.apache.commons.math3.distribution.NormalDistribution.isSupportLowerBoundInclusive,0,1,0.0%,0,0,NaN%
org.apache.commons.math3.distribution.NormalDistribution.isSupportUpperBoundInclusive,0,1,0.0%,0,0,NaN%
org.apache.commons.math3.distribution.NormalDistribution.probability,0,7,0.0%,0,2,0.0%
org.apache.commons.math3.distribution.NormalDistribution.sample,0,1,0.0%,0,0,NaN%
org.apache.commons.math3.distribution.PascalDistribution.<init>,0,11,0.0%,0,6,0.0%
org.apache.commons.math3.distribution.PascalDistribution.cumulativeProbability,0,4,0.0%,0,2,0.0%
org.apache.commons.math3.distribution.PascalDistribution.getNumberOfSuccesses,0,1,0.0%,0,0,NaN%
org.apache.commons.math3.distribution.PascalDistribution.getNumericalMean,0,3,0.0%,0,0,NaN%
org.apache.commons.math3.distribution.PascalDistribution.getNumericalVariance,0,3,0.0%,0,0,NaN%
org.apache.commons.math3.distribution.PascalDistribution.getProbabilityOfSuccess,0,1,0.0%,0,0,NaN%
org.apache.commons.math3.distribution.PascalDistribution.getSupportLowerBound,0,1,0.0%,0,0,NaN%
org.apache.commons.math3.distribution.PascalDistribution.getSupportUpperBound,0,1,0.0%,0,0,NaN%
org.apache.commons.math3.distribution.PascalDistribution.isSupportConnected,0,1,0.0%,0,0,NaN%
org.apache.commons.math3.distribution.PascalDistribution.probability,0,6,0.0%,0,2,0.0%
org.apache.commons.math3.distribution.PoissonDistribution.<init>,0,17,0.0%,0,2,0.0%
org.apache.commons.math3.distribution.PoissonDistribution.cumulativeProbability,0,5,0.0%,0,4,0.0%
org.apache.commons.math3.distribution.PoissonDistribution.getMean,0,1,0.0%,0,0,NaN%
org.apache.commons.math3.distribution.PoissonDistribution.getNumericalMean,0,1,0.0%,0,0,NaN%
org.apache.commons.math3.distribution.PoissonDistribution.getNumericalVariance,0,1,0.0%,0,0,NaN%
org.apache.commons.math3.distribution.PoissonDistribution.getSupportLowerBound,0,1,0.0%,0,0,NaN%
org.apache.commons.math3.distribution.PoissonDistribution.getSupportUpperBound,0,1,0.0%,0,0,NaN%
org.apache.commons.math3.distribution.PoissonDistribution.isSupportConnected,0,1,0.0%,0,0,NaN%
org.apache.commons.math3.distribution.PoissonDistribution.nextPoisson,0,58,0.0%,0,30,0.0%
org.apache.commons.math3.distribution.PoissonDistribution.normalApproximateProbability,0,1,0.0%,0,0,NaN%
org.apache.commons.math3.distribution.PoissonDistribution.probability,0,8,0.0%,0,6,0.0%
org.apache.commons.math3.distribution.PoissonDistribution.sample,0,1,0.0%,0,0,NaN%
org.apache.commons.math3.distribution.SaddlePointExpansion.<clinit>,0,2,0.0%,0,0,NaN%
org.apache.commons.math3.distribution.SaddlePointExpansion.<init>,0,2,0.0%,0,0,NaN%
org.apache.commons.math3.distribution.SaddlePointExpansion.getDeviancePart,0,17,0.0%,0,4,0.0%
org.apache.commons.math3.distribution.SaddlePointExpansion.getStirlingError,0,9,0.0%,0,4,0.0%
org.apache.commons.math3.distribution.SaddlePointExpansion.logBinomialProbability,0,14,0.0%,0,8,0.0%
org.apache.commons.math3.distribution.TDistribution.<init>,0,11,0.0%,0,2,0.0%
org.apache.commons.math3.distribution.TDistribution.cumulativeProbability,0,8,0.0%,0,4,0.0%
org.apache.commons.math3.distribution.TDistribution.density,0,7,0.0%,0,0,NaN%
org.apache.commons.math3.distribution.TDistribution.getDegreesOfFreedom,0,1,0.0%,0,0,NaN%
org.apache.commons.math3.distribution.TDistribution.getNumericalMean,0,4,0.0%,0,2,0.0%
org.apache.commons.math3.distribution.TDistribution.getNumericalVariance,0,6,0.0%,0,6,0.0%
org.apache.commons.math3.distribution.TDistribution.getSolverAbsoluteAccuracy,0,1,0.0%,0,0,NaN%
org.apache.commons.math3.distribution.TDistribution.getSupportLowerBound,0,1,0.0%,0,0,NaN%
org.apache.commons.math3.distribution.TDistribution.getSupportUpperBound,0,1,0.0%,0,0,NaN%
org.apache.commons.math3.distribution.TDistribution.isSupportConnected,0,1,0.0%,0,0,NaN%
org.apache.commons.math3.distribution.TDistribution.isSupportLowerBoundInclusive,0,1,0.0%,0,0,NaN%
org.apache.commons.math3.distribution.TDistribution.isSupportUpperBoundInclusive,0,1,0.0%,0,0,NaN%
org.apache.commons.math3.distribution.UniformIntegerDistribution.<init>,5,9,55.55555555555556%,1,2,50.0%
org.apache.commons.math3.distribution.UniformIntegerDistribution.cumulativeProbability,0,5,0.0%,0,4,0.0%
org.apache.commons.math3.distribution.UniformIntegerDistribution.getNumericalMean,0,1,0.0%,0,0,NaN%
org.apache.commons.math3.distribution.UniformIntegerDistribution.getNumericalVariance,0,2,0.0%,0,0,NaN%
org.apache.commons.math3.distribution.UniformIntegerDistribution.getSupportLowerBound,0,1,0.0%,0,0,NaN%
org.apache.commons.math3.distribution.UniformIntegerDistribution.getSupportUpperBound,0,1,0.0%,0,0,NaN%
org.apache.commons.math3.distribution.UniformIntegerDistribution.isSupportConnected,0,1,0.0%,0,0,NaN%
org.apache.commons.math3.distribution.UniformIntegerDistribution.probability,0,3,0.0%,0,4,0.0%
org.apache.commons.math3.distribution.UniformIntegerDistribution.sample,3,7,42.857142857142854%,1,6,16.666666666666668%
org.apache.commons.math3.distribution.WeibullDistribution.<init>,0,19,0.0%,0,4,0.0%
org.apache.commons.math3.distribution.WeibullDistribution.calculateNumericalMean,0,3,0.0%,0,0,NaN%
org.apache.commons.math3.distribution.WeibullDistribution.calculateNumericalVariance,0,4,0.0%,0,0,NaN%
org.apache.commons.math3.distribution.WeibullDistribution.cumulativeProbability,0,4,0.0%,0,2,0.0%
org.apache.commons.math3.distribution.WeibullDistribution.density,0,6,0.0%,0,2,0.0%
org.apache.commons.math3.distribution.WeibullDistribution.getNumericalMean,0,4,0.0%,0,2,0.0%
org.apache.commons.math3.distribution.WeibullDistribution.getNumericalVariance,0,4,0.0%,0,2,0.0%
org.apache.commons.math3.distribution.WeibullDistribution.getScale,0,1,0.0%,0,0,NaN%
org.apache.commons.math3.distribution.WeibullDistribution.getShape,0,1,0.0%,0,0,NaN%
org.apache.commons.math3.distribution.WeibullDistribution.getSolverAbsoluteAccuracy,0,1,0.0%,0,0,NaN%
org.apache.commons.math3.distribution.WeibullDistribution.getSupportLowerBound,0,1,0.0%,0,0,NaN%
org.apache.commons.math3.distribution.WeibullDistribution.getSupportUpperBound,0,1,0.0%,0,0,NaN%
org.apache.commons.math3.distribution.WeibullDistribution.inverseCumulativeProbability,0,8,0.0%,0,8,0.0%
org.apache.commons.math3.distribution.WeibullDistribution.isSupportConnected,0,1,0.0%,0,0,NaN%
org.apache.commons.math3.distribution.WeibullDistribution.isSupportLowerBoundInclusive,0,1,0.0%,0,0,NaN%
org.apache.commons.math3.distribution.WeibullDistribution.isSupportUpperBoundInclusive,0,1,0.0%,0,0,NaN%
org.apache.commons.math3.distribution.ZipfDistribution.<init>,0,16,0.0%,0,4,0.0%
org.apache.commons.math3.distribution.ZipfDistribution.calculateNumericalMean,0,5,0.0%,0,0,NaN%
org.apache.commons.math3.distribution.ZipfDistribution.calculateNumericalVariance,0,6,0.0%,0,0,NaN%
org.apache.commons.math3.distribution.ZipfDistribution.cumulativeProbability,0,5,0.0%,0,4,0.0%
org.apache.commons.math3.distribution.ZipfDistribution.generalizedHarmonic,0,4,0.0%,0,2,0.0%
org.apache.commons.math3.distribution.ZipfDistribution.getExponent,0,1,0.0%,0,0,NaN%
org.apache.commons.math3.distribution.ZipfDistribution.getNumberOfElements,0,1,0.0%,0,0,NaN%
org.apache.commons.math3.distribution.ZipfDistribution.getNumericalMean,0,4,0.0%,0,2,0.0%
org.apache.commons.math3.distribution.ZipfDistribution.getNumericalVariance,0,4,0.0%,0,2,0.0%
org.apache.commons.math3.distribution.ZipfDistribution.getSupportLowerBound,0,1,0.0%,0,0,NaN%
org.apache.commons.math3.distribution.ZipfDistribution.getSupportUpperBound,0,1,0.0%,0,0,NaN%
org.apache.commons.math3.distribution.ZipfDistribution.isSupportConnected,0,1,0.0%,0,0,NaN%
org.apache.commons.math3.distribution.ZipfDistribution.probability,0,3,0.0%,0,4,0.0%
org.apache.commons.math3.exception.ConvergenceException.<init>,0,5,0.0%,0,0,NaN%
org.apache.commons.math3.exception.DimensionMismatchException.<init>,5,5,100.0%,0,0,NaN%
org.apache.commons.math3.exception.DimensionMismatchException.getDimension,0,1,0.0%,0,0,NaN%
org.apache.commons.math3.exception.MathArithmeticException.<init>,8,8,100.0%,0,0,NaN%
org.apache.commons.math3.exception.MathArithmeticException.getContext,0,1,0.0%,0,0,NaN%
org.apache.commons.math3.exception.MathArithmeticException.getLocalizedMessage,0,1,0.0%,0,0,NaN%
org.apache.commons.math3.exception.MathArithmeticException.getMessage,0,1,0.0%,0,0,NaN%
org.apache.commons.math3.exception.MathIllegalArgumentException.<init>,4,4,100.0%,0,0,NaN%
org.apache.commons.math3.exception.MathIllegalArgumentException.getContext,0,1,0.0%,0,0,NaN%
org.apache.commons.math3.exception.MathIllegalArgumentException.getLocalizedMessage,0,1,0.0%,0,0,NaN%
org.apache.commons.math3.exception.MathIllegalArgumentException.getMessage,0,1,0.0%,0,0,NaN%
org.apache.commons.math3.exception.MathIllegalNumberException.<clinit>,1,1,100.0%,0,0,NaN%
org.apache.commons.math3.exception.MathIllegalNumberException.<init>,3,3,100.0%,0,0,NaN%
org.apache.commons.math3.exception.MathIllegalNumberException.getArgument,0,1,0.0%,0,0,NaN%
org.apache.commons.math3.exception.MathIllegalStateException.<init>,0,10,0.0%,0,0,NaN%
org.apache.commons.math3.exception.MathIllegalStateException.getContext,0,1,0.0%,0,0,NaN%
org.apache.commons.math3.exception.MathIllegalStateException.getLocalizedMessage,0,1,0.0%,0,0,NaN%
org.apache.commons.math3.exception.MathIllegalStateException.getMessage,0,1,0.0%,0,0,NaN%
org.apache.commons.math3.exception.MathInternalError.<init>,0,7,0.0%,0,0,NaN%
org.apache.commons.math3.exception.MaxCountExceededException.<init>,0,6,0.0%,0,0,NaN%
org.apache.commons.math3.exception.MaxCountExceededException.getMax,0,1,0.0%,0,0,NaN%
org.apache.commons.math3.exception.NoBracketingException.<init>,0,8,0.0%,0,0,NaN%
org.apache.commons.math3.exception.NoBracketingException.getFHi,0,1,0.0%,0,0,NaN%
org.apache.commons.math3.exception.NoBracketingException.getFLo,0,1,0.0%,0,0,NaN%
org.apache.commons.math3.exception.NoBracketingException.getHi,0,1,0.0%,0,0,NaN%
org.apache.commons.math3.exception.NoBracketingException.getLo,0,1,0.0%,0,0,NaN%
org.apache.commons.math3.exception.NoDataException.<init>,4,4,100.0%,0,0,NaN%
org.apache.commons.math3.exception.NonMonotonicSequenceException.<init>,7,9,77.77777777777777%,6,6,100.0%
org.apache.commons.math3.exception.NonMonotonicSequenceException.getDirection,0,1,0.0%,0,0,NaN%
org.apache.commons.math3.exception.NonMonotonicSequenceException.getIndex,0,1,0.0%,0,0,NaN%
org.apache.commons.math3.exception.NonMonotonicSequenceException.getPrevious,0,1,0.0%,0,0,NaN%
org.apache.commons.math3.exception.NonMonotonicSequenceException.getStrict,0,1,0.0%,0,0,NaN%
org.apache.commons.math3.exception.NotANumberException.<init>,0,2,0.0%,0,0,NaN%
org.apache.commons.math3.exception.NotFiniteNumberException.<init>,0,4,0.0%,0,0,NaN%
org.apache.commons.math3.exception.NotPositiveException.<init>,2,4,50.0%,0,0,NaN%
org.apache.commons.math3.exception.NotStrictlyPositiveException.<init>,2,4,50.0%,0,0,NaN%
org.apache.commons.math3.exception.NullArgumentException.<init>,4,4,100.0%,0,0,NaN%
org.apache.commons.math3.exception.NumberIsTooLargeException.<init>,0,6,0.0%,0,2,0.0%
org.apache.commons.math3.exception.NumberIsTooLargeException.getBoundIsAllowed,0,1,0.0%,0,0,NaN%
org.apache.commons.math3.exception.NumberIsTooLargeException.getMax,0,1,0.0%,0,0,NaN%
org.apache.commons.math3.exception.NumberIsTooSmallException.<init>,6,6,100.0%,2,2,100.0%
org.apache.commons.math3.exception.NumberIsTooSmallException.getBoundIsAllowed,0,1,0.0%,0,0,NaN%
org.apache.commons.math3.exception.NumberIsTooSmallException.getMin,0,1,0.0%,0,0,NaN%
org.apache.commons.math3.exception.OutOfRangeException.<init>,0,6,0.0%,0,0,NaN%
org.apache.commons.math3.exception.OutOfRangeException.getHi,0,1,0.0%,0,0,NaN%
org.apache.commons.math3.exception.OutOfRangeException.getLo,0,1,0.0%,0,0,NaN%
org.apache.commons.math3.exception.TooManyEvaluationsException.<init>,0,3,0.0%,0,0,NaN%
org.apache.commons.math3.exception.util.ArgUtils.<init>,0,1,0.0%,0,0,NaN%
org.apache.commons.math3.exception.util.ArgUtils.flatten,8,8,100.0%,8,8,100.0%
org.apache.commons.math3.exception.util.ExceptionContext.<init>,6,6,100.0%,0,0,NaN%
org.apache.commons.math3.exception.util.ExceptionContext.addMessage,3,3,100.0%,0,0,NaN%
org.apache.commons.math3.exception.util.ExceptionContext.buildMessage,0,11,0.0%,0,4,0.0%
org.apache.commons.math3.exception.util.ExceptionContext.deSerializeContext,0,7,0.0%,0,2,0.0%
org.apache.commons.math3.exception.util.ExceptionContext.deSerializeMessages,0,12,0.0%,0,4,0.0%
org.apache.commons.math3.exception.util.ExceptionContext.getKeys,0,1,0.0%,0,0,NaN%
org.apache.commons.math3.exception.util.ExceptionContext.getLocalizedMessage,0,1,0.0%,0,0,NaN%
org.apache.commons.math3.exception.util.ExceptionContext.getMessage,0,3,0.0%,0,0,NaN%
org.apache.commons.math3.exception.util.ExceptionContext.getThrowable,0,1,0.0%,0,0,NaN%
org.apache.commons.math3.exception.util.ExceptionContext.getValue,0,1,0.0%,0,0,NaN%
org.apache.commons.math3.exception.util.ExceptionContext.nonSerializableReplacement,0,1,0.0%,0,0,NaN%
org.apache.commons.math3.exception.util.ExceptionContext.readObject,0,4,0.0%,0,0,NaN%
org.apache.commons.math3.exception.util.ExceptionContext.serializeContext,0,10,0.0%,0,4,0.0%
org.apache.commons.math3.exception.util.ExceptionContext.serializeMessages,0,13,0.0%,0,6,0.0%
org.apache.commons.math3.exception.util.ExceptionContext.setValue,0,2,0.0%,0,0,NaN%
org.apache.commons.math3.exception.util.ExceptionContext.writeObject,0,4,0.0%,0,0,NaN%
org.apache.commons.math3.exception.util.LocalizedFormats.<clinit>,314,314,100.0%,0,0,NaN%
org.apache.commons.math3.exception.util.LocalizedFormats.<init>,3,3,100.0%,0,0,NaN%
org.apache.commons.math3.exception.util.LocalizedFormats.getLocalizedString,0,7,0.0%,0,2,0.0%
org.apache.commons.math3.exception.util.LocalizedFormats.getSourceString,0,1,0.0%,0,0,NaN%
org.apache.commons.math3.exception.util.LocalizedFormats.valueOf,0,1,0.0%,0,0,NaN%
org.apache.commons.math3.exception.util.LocalizedFormats.values,0,1,0.0%,0,0,NaN%
org.apache.commons.math3.random.AbstractWell.<init>,19,23,82.6086956521739%,2,2,100.0%
org.apache.commons.math3.random.AbstractWell.setSeed,9,15,60.0%,5,6,83.33333333333333%
org.apache.commons.math3.random.BitsStreamGenerator.<init>,3,3,100.0%,0,0,NaN%
org.apache.commons.math3.random.BitsStreamGenerator.clear,2,2,100.0%,0,0,NaN%
org.apache.commons.math3.random.BitsStreamGenerator.nextBoolean,0,1,0.0%,0,2,0.0%
org.apache.commons.math3.random.BitsStreamGenerator.nextBytes,0,15,0.0%,0,4,0.0%
org.apache.commons.math3.random.BitsStreamGenerator.nextDouble,3,3,100.0%,0,0,NaN%
org.apache.commons.math3.random.BitsStreamGenerator.nextFloat,0,1,0.0%,0,0,NaN%
org.apache.commons.math3.random.BitsStreamGenerator.nextGaussian,0,11,0.0%,0,2,0.0%
org.apache.commons.math3.random.BitsStreamGenerator.nextInt,7,9,77.77777777777777%,5,6,83.33333333333333%
org.apache.commons.math3.random.BitsStreamGenerator.nextLong,0,10,0.0%,0,4,0.0%
org.apache.commons.math3.random.RandomDataGenerator.<init>,4,9,44.44444444444444%,0,0,NaN%
org.apache.commons.math3.random.RandomDataGenerator.getNatural,0,4,0.0%,0,2,0.0%
org.apache.commons.math3.random.RandomDataGenerator.getRandomGenerator,0,3,0.0%,0,2,0.0%
org.apache.commons.math3.random.RandomDataGenerator.getSecRan,0,4,0.0%,0,2,0.0%
org.apache.commons.math3.random.RandomDataGenerator.initRan,0,2,0.0%,0,0,NaN%
org.apache.commons.math3.random.RandomDataGenerator.nextBeta,0,2,0.0%,0,0,NaN%
org.apache.commons.math3.random.RandomDataGenerator.nextBinomial,0,1,0.0%,0,0,NaN%
org.apache.commons.math3.random.RandomDataGenerator.nextCauchy,0,2,0.0%,0,0,NaN%
org.apache.commons.math3.random.RandomDataGenerator.nextChiSquare,0,2,0.0%,0,0,NaN%
org.apache.commons.math3.random.RandomDataGenerator.nextExponential,0,2,0.0%,0,0,NaN%
org.apache.commons.math3.random.RandomDataGenerator.nextF,0,2,0.0%,0,0,NaN%
org.apache.commons.math3.random.RandomDataGenerator.nextGamma,0,2,0.0%,0,0,NaN%
org.apache.commons.math3.random.RandomDataGenerator.nextGaussian,0,3,0.0%,0,2,0.0%
org.apache.commons.math3.random.RandomDataGenerator.nextHexString,0,13,0.0%,0,6,0.0%
org.apache.commons.math3.random.RandomDataGenerator.nextHypergeometric,0,2,0.0%,0,0,NaN%
org.apache.commons.math3.random.RandomDataGenerator.nextInt,0,1,0.0%,0,0,NaN%
org.apache.commons.math3.random.RandomDataGenerator.nextLong,0,24,0.0%,0,16,0.0%
org.apache.commons.math3.random.RandomDataGenerator.nextPascal,0,1,0.0%,0,0,NaN%
org.apache.commons.math3.random.RandomDataGenerator.nextPermutation,0,9,0.0%,0,4,0.0%
org.apache.commons.math3.random.RandomDataGenerator.nextPoisson,0,2,0.0%,0,0,NaN%
org.apache.commons.math3.random.RandomDataGenerator.nextSample,0,12,0.0%,0,6,0.0%
org.apache.commons.math3.random.RandomDataGenerator.nextSecureHexString,0,21,0.0%,0,8,0.0%
org.apache.commons.math3.random.RandomDataGenerator.nextSecureInt,0,1,0.0%,0,0,NaN%
org.apache.commons.math3.random.RandomDataGenerator.nextSecureLong,0,13,0.0%,0,10,0.0%
org.apache.commons.math3.random.RandomDataGenerator.nextT,0,2,0.0%,0,0,NaN%
org.apache.commons.math3.random.RandomDataGenerator.nextUniform,0,15,0.0%,0,14,0.0%
org.apache.commons.math3.random.RandomDataGenerator.nextWeibull,0,2,0.0%,0,0,NaN%
org.apache.commons.math3.random.RandomDataGenerator.nextZipf,0,1,0.0%,0,0,NaN%
org.apache.commons.math3.random.RandomDataGenerator.reSeed,0,4,0.0%,0,0,NaN%
org.apache.commons.math3.random.RandomDataGenerator.reSeedSecure,0,4,0.0%,0,0,NaN%
org.apache.commons.math3.random.RandomDataGenerator.setSecureAlgorithm,0,2,0.0%,0,0,NaN%
org.apache.commons.math3.random.RandomDataImpl.<init>,3,6,50.0%,0,0,NaN%
org.apache.commons.math3.random.RandomDataImpl.getDelegate,0,1,0.0%,0,0,NaN%
org.apache.commons.math3.random.RandomDataImpl.nextBeta,0,1,0.0%,0,0,NaN%
org.apache.commons.math3.random.RandomDataImpl.nextBinomial,0,1,0.0%,0,0,NaN%
org.apache.commons.math3.random.RandomDataImpl.nextCauchy,0,1,0.0%,0,0,NaN%
org.apache.commons.math3.random.RandomDataImpl.nextChiSquare,0,1,0.0%,0,0,NaN%
org.apache.commons.math3.random.RandomDataImpl.nextExponential,0,1,0.0%,0,0,NaN%
org.apache.commons.math3.random.RandomDataImpl.nextF,0,1,0.0%,0,0,NaN%
org.apache.commons.math3.random.RandomDataImpl.nextGamma,0,1,0.0%,0,0,NaN%
org.apache.commons.math3.random.RandomDataImpl.nextGaussian,0,1,0.0%,0,0,NaN%
org.apache.commons.math3.random.RandomDataImpl.nextHexString,0,1,0.0%,0,0,NaN%
org.apache.commons.math3.random.RandomDataImpl.nextHypergeometric,0,1,0.0%,0,0,NaN%
org.apache.commons.math3.random.RandomDataImpl.nextInt,0,1,0.0%,0,0,NaN%
org.apache.commons.math3.random.RandomDataImpl.nextInversionDeviate,0,2,0.0%,0,0,NaN%
org.apache.commons.math3.random.RandomDataImpl.nextLong,0,1,0.0%,0,0,NaN%
org.apache.commons.math3.random.RandomDataImpl.nextPascal,0,1,0.0%,0,0,NaN%
org.apache.commons.math3.random.RandomDataImpl.nextPermutation,0,1,0.0%,0,0,NaN%
org.apache.commons.math3.random.RandomDataImpl.nextPoisson,0,1,0.0%,0,0,NaN%
org.apache.commons.math3.random.RandomDataImpl.nextSample,0,1,0.0%,0,0,NaN%
org.apache.commons.math3.random.RandomDataImpl.nextSecureHexString,0,1,0.0%,0,0,NaN%
org.apache.commons.math3.random.RandomDataImpl.nextSecureInt,0,1,0.0%,0,0,NaN%
org.apache.commons.math3.random.RandomDataImpl.nextSecureLong,0,1,0.0%,0,0,NaN%
org.apache.commons.math3.random.RandomDataImpl.nextT,0,1,0.0%,0,0,NaN%
org.apache.commons.math3.random.RandomDataImpl.nextUniform,0,2,0.0%,0,0,NaN%
org.apache.commons.math3.random.RandomDataImpl.nextWeibull,0,1,0.0%,0,0,NaN%
org.apache.commons.math3.random.RandomDataImpl.nextZipf,0,1,0.0%,0,0,NaN%
org.apache.commons.math3.random.RandomDataImpl.reSeed,0,4,0.0%,0,0,NaN%
org.apache.commons.math3.random.RandomDataImpl.reSeedSecure,0,4,0.0%,0,0,NaN%
org.apache.commons.math3.random.RandomDataImpl.setSecureAlgorithm,0,2,0.0%,0,0,NaN%
org.apache.commons.math3.random.RandomGeneratorFactory.<init>,0,1,0.0%,0,0,NaN%
org.apache.commons.math3.random.RandomGeneratorFactory.convertToLong,0,4,0.0%,0,2,0.0%
org.apache.commons.math3.random.RandomGeneratorFactory.createRandomGenerator,0,1,0.0%,0,0,NaN%
org.apache.commons.math3.random.RandomGeneratorFactory$1.<init>,0,1,0.0%,0,0,NaN%
org.apache.commons.math3.random.RandomGeneratorFactory$1.nextBoolean,0,1,0.0%,0,0,NaN%
org.apache.commons.math3.random.RandomGeneratorFactory$1.nextBytes,0,2,0.0%,0,0,NaN%
org.apache.commons.math3.random.RandomGeneratorFactory$1.nextDouble,0,1,0.0%,0,0,NaN%
org.apache.commons.math3.random.RandomGeneratorFactory$1.nextFloat,0,1,0.0%,0,0,NaN%
org.apache.commons.math3.random.RandomGeneratorFactory$1.nextGaussian,0,1,0.0%,0,0,NaN%
org.apache.commons.math3.random.RandomGeneratorFactory$1.nextInt,0,4,0.0%,0,2,0.0%
org.apache.commons.math3.random.RandomGeneratorFactory$1.nextLong,0,1,0.0%,0,0,NaN%
org.apache.commons.math3.random.RandomGeneratorFactory$1.setSeed,0,6,0.0%,0,0,NaN%
org.apache.commons.math3.random.Well19937c.<init>,0,8,0.0%,0,0,NaN%
org.apache.commons.math3.random.Well19937c.next,0,18,0.0%,0,0,NaN%
org.apache.commons.math3.special.Beta.<clinit>,0,1,0.0%,0,0,NaN%
org.apache.commons.math3.special.Beta.<init>,0,1,0.0%,0,0,NaN%
org.apache.commons.math3.special.Beta.deltaMinusDeltaSum,0,18,0.0%,0,10,0.0%
org.apache.commons.math3.special.Beta.logBeta,0,68,0.0%,0,34,0.0%
org.apache.commons.math3.special.Beta.logGammaMinusLogGammaSum,0,12,0.0%,0,8,0.0%
org.apache.commons.math3.special.Beta.logGammaSum,0,10,0.0%,0,12,0.0%
org.apache.commons.math3.special.Beta.regularizedBeta,0,14,0.0%,0,16,0.0%
org.apache.commons.math3.special.Beta.sumDeltaMinusDeltaSum,0,12,0.0%,0,6,0.0%
org.apache.commons.math3.special.Beta$1.<init>,0,1,0.0%,0,0,NaN%
org.apache.commons.math3.special.Beta$1.getA,0,1,0.0%,0,0,NaN%
org.apache.commons.math3.special.Beta$1.getB,0,6,0.0%,0,2,0.0%
org.apache.commons.math3.special.Erf.<init>,0,1,0.0%,0,0,NaN%
org.apache.commons.math3.special.Erf.erf,0,11,0.0%,0,16,0.0%
org.apache.commons.math3.special.Erf.erfInv,0,65,0.0%,0,6,0.0%
org.apache.commons.math3.special.Erf.erfc,0,4,0.0%,0,6,0.0%
org.apache.commons.math3.special.Erf.erfcInv,0,1,0.0%,0,0,NaN%
org.apache.commons.math3.special.Gamma.<clinit>,0,2,0.0%,0,0,NaN%
org.apache.commons.math3.special.Gamma.<init>,0,1,0.0%,0,0,NaN%
org.apache.commons.math3.special.Gamma.digamma,0,6,0.0%,0,6,0.0%
org.apache.commons.math3.special.Gamma.gamma,0,26,0.0%,0,14,0.0%
org.apache.commons.math3.special.Gamma.invGamma1pm1,0,61,0.0%,0,12,0.0%
org.apache.commons.math3.special.Gamma.lanczos,0,4,0.0%,0,2,0.0%
org.apache.commons.math3.special.Gamma.logGamma,0,17,0.0%,0,12,0.0%
org.apache.commons.math3.special.Gamma.logGamma1p,0,5,0.0%,0,4,0.0%
org.apache.commons.math3.special.Gamma.regularizedGammaP,0,20,0.0%,0,22,0.0%
org.apache.commons.math3.special.Gamma.regularizedGammaQ,0,11,0.0%,0,12,0.0%
org.apache.commons.math3.special.Gamma.trigamma,0,6,0.0%,0,6,0.0%
org.apache.commons.math3.special.Gamma$1.<init>,0,1,0.0%,0,0,NaN%
org.apache.commons.math3.special.Gamma$1.getA,0,1,0.0%,0,0,NaN%
org.apache.commons.math3.special.Gamma$1.getB,0,1,0.0%,0,0,NaN%
org.apache.commons.math3.util.ArithmeticUtils.<init>,0,2,0.0%,0,0,NaN%
org.apache.commons.math3.util.ArithmeticUtils.addAndCheck,0,17,0.0%,0,14,0.0%
org.apache.commons.math3.util.ArithmeticUtils.binomialCoefficient,0,1,0.0%,0,0,NaN%
org.apache.commons.math3.util.ArithmeticUtils.binomialCoefficientDouble,0,1,0.0%,0,0,NaN%
org.apache.commons.math3.util.ArithmeticUtils.binomialCoefficientLog,0,1,0.0%,0,0,NaN%
org.apache.commons.math3.util.ArithmeticUtils.factorial,0,1,0.0%,0,0,NaN%
org.apache.commons.math3.util.ArithmeticUtils.factorialDouble,0,1,0.0%,0,0,NaN%
org.apache.commons.math3.util.ArithmeticUtils.factorialLog,0,1,0.0%,0,0,NaN%
org.apache.commons.math3.util.ArithmeticUtils.gcd,0,61,0.0%,0,52,0.0%
org.apache.commons.math3.util.ArithmeticUtils.gcdPositive,0,16,0.0%,0,6,0.0%
org.apache.commons.math3.util.ArithmeticUtils.isPowerOfTwo,0,1,0.0%,0,4,0.0%
org.apache.commons.math3.util.ArithmeticUtils.lcm,0,14,0.0%,0,12,0.0%
org.apache.commons.math3.util.ArithmeticUtils.mulAndCheck,0,22,0.0%,0,20,0.0%
org.apache.commons.math3.util.ArithmeticUtils.pow,0,63,0.0%,0,38,0.0%
org.apache.commons.math3.util.ArithmeticUtils.stirlingS2,0,1,0.0%,0,0,NaN%
org.apache.commons.math3.util.ArithmeticUtils.subAndCheck,0,10,0.0%,0,8,0.0%
org.apache.commons.math3.util.BigReal.<clinit>,0,2,0.0%,0,0,NaN%
org.apache.commons.math3.util.BigReal.<init>,0,85,0.0%,0,0,NaN%
org.apache.commons.math3.util.BigReal.add,0,2,0.0%,0,0,NaN%
org.apache.commons.math3.util.BigReal.bigDecimalValue,0,1,0.0%,0,0,NaN%
org.apache.commons.math3.util.BigReal.compareTo,0,2,0.0%,0,0,NaN%
org.apache.commons.math3.util.BigReal.divide,0,3,0.0%,0,0,NaN%
org.apache.commons.math3.util.BigReal.doubleValue,0,1,0.0%,0,0,NaN%
org.apache.commons.math3.util.BigReal.equals,0,5,0.0%,0,4,0.0%
org.apache.commons.math3.util.BigReal.getField,0,1,0.0%,0,0,NaN%
org.apache.commons.math3.util.BigReal.getRoundingMode,0,1,0.0%,0,0,NaN%
org.apache.commons.math3.util.BigReal.getScale,0,1,0.0%,0,0,NaN%
org.apache.commons.math3.util.BigReal.hashCode,0,1,0.0%,0,0,NaN%
org.apache.commons.math3.util.BigReal.multiply,0,4,0.0%,0,0,NaN%
org.apache.commons.math3.util.BigReal.negate,0,2,0.0%,0,0,NaN%
org.apache.commons.math3.util.BigReal.reciprocal,0,3,0.0%,0,0,NaN%
org.apache.commons.math3.util.BigReal.setRoundingMode,0,2,0.0%,0,0,NaN%
org.apache.commons.math3.util.BigReal.setScale,0,2,0.0%,0,0,NaN%
org.apache.commons.math3.util.BigReal.subtract,0,2,0.0%,0,0,NaN%
org.apache.commons.math3.util.BigRealField.<init>,0,3,0.0%,0,0,NaN%
org.apache.commons.math3.util.BigRealField.getInstance,0,1,0.0%,0,0,NaN%
org.apache.commons.math3.util.BigRealField.getOne,0,2,0.0%,0,0,NaN%
org.apache.commons.math3.util.BigRealField.getRuntimeClass,0,1,0.0%,0,0,NaN%
org.apache.commons.math3.util.BigRealField.getZero,0,2,0.0%,0,0,NaN%
org.apache.commons.math3.util.BigRealField.readResolve,0,1,0.0%,0,0,NaN%
org.apache.commons.math3.util.BigRealField$LazyHolder.<clinit>,0,1,0.0%,0,0,NaN%
org.apache.commons.math3.util.BigRealField$LazyHolder.<init>,0,1,0.0%,0,0,NaN%
org.apache.commons.math3.util.BigRealField$LazyHolder.access$000,0,1,0.0%,0,0,NaN%
org.apache.commons.math3.util.CombinatoricsUtils.<clinit>,0,2,0.0%,0,0,NaN%
org.apache.commons.math3.util.CombinatoricsUtils.<init>,0,2,0.0%,0,0,NaN%
org.apache.commons.math3.util.CombinatoricsUtils.binomialCoefficient,0,26,0.0%,0,20,0.0%
org.apache.commons.math3.util.CombinatoricsUtils.binomialCoefficientDouble,0,13,0.0%,0,14,0.0%
org.apache.commons.math3.util.CombinatoricsUtils.binomialCoefficientLog,0,17,0.0%,0,18,0.0%
org.apache.commons.math3.util.CombinatoricsUtils.checkBinomial,0,6,0.0%,0,4,0.0%
org.apache.commons.math3.util.CombinatoricsUtils.combinationsIterator,0,9,0.0%,0,6,0.0%
org.apache.commons.math3.util.CombinatoricsUtils.factorial,0,6,0.0%,0,4,0.0%
org.apache.commons.math3.util.CombinatoricsUtils.factorialDouble,0,6,0.0%,0,4,0.0%
org.apache.commons.math3.util.CombinatoricsUtils.factorialLog,0,9,0.0%,0,6,0.0%
org.apache.commons.math3.util.CombinatoricsUtils.stirlingS2,0,35,0.0%,0,28,0.0%
org.apache.commons.math3.util.CombinatoricsUtils$LexicographicCombinationIterator.<init>,0,13,0.0%,0,6,0.0%
org.apache.commons.math3.util.CombinatoricsUtils$LexicographicCombinationIterator.hasNext,0,1,0.0%,0,0,NaN%
org.apache.commons.math3.util.CombinatoricsUtils$LexicographicCombinationIterator.next,0,28,0.0%,0,12,0.0%
org.apache.commons.math3.util.CombinatoricsUtils$LexicographicCombinationIterator.remove,0,1,0.0%,0,0,NaN%
org.apache.commons.math3.util.CombinatoricsUtils$SingletonIterator.<init>,0,4,0.0%,0,0,NaN%
org.apache.commons.math3.util.CombinatoricsUtils$SingletonIterator.hasNext,0,1,0.0%,0,0,NaN%
org.apache.commons.math3.util.CombinatoricsUtils$SingletonIterator.next,0,5,0.0%,0,2,0.0%
org.apache.commons.math3.util.CombinatoricsUtils$SingletonIterator.remove,0,1,0.0%,0,0,NaN%
org.apache.commons.math3.util.CompositeFormat.<init>,0,1,0.0%,0,0,NaN%
org.apache.commons.math3.util.CompositeFormat.formatDouble,0,6,0.0%,0,4,0.0%
org.apache.commons.math3.util.CompositeFormat.getDefaultNumberFormat,0,4,0.0%,0,0,NaN%
org.apache.commons.math3.util.CompositeFormat.parseAndIgnoreWhitespace,0,3,0.0%,0,0,NaN%
org.apache.commons.math3.util.CompositeFormat.parseFixedstring,0,10,0.0%,0,6,0.0%
org.apache.commons.math3.util.CompositeFormat.parseNextCharacter,0,10,0.0%,0,8,0.0%
org.apache.commons.math3.util.CompositeFormat.parseNumber,0,23,0.0%,0,10,0.0%
org.apache.commons.math3.util.ContinuedFraction.<init>,0,2,0.0%,0,0,NaN%
org.apache.commons.math3.util.ContinuedFraction.evaluate,0,39,0.0%,0,16,0.0%
org.apache.commons.math3.util.Decimal64.<clinit>,0,6,0.0%,0,0,NaN%
org.apache.commons.math3.util.Decimal64.<init>,0,3,0.0%,0,0,NaN%
org.apache.commons.math3.util.Decimal64.abs,0,2,0.0%,0,0,NaN%
org.apache.commons.math3.util.Decimal64.acos,0,2,0.0%,0,0,NaN%
org.apache.commons.math3.util.Decimal64.acosh,0,2,0.0%,0,0,NaN%
org.apache.commons.math3.util.Decimal64.add,0,4,0.0%,0,0,NaN%
org.apache.commons.math3.util.Decimal64.asin,0,2,0.0%,0,0,NaN%
org.apache.commons.math3.util.Decimal64.asinh,0,2,0.0%,0,0,NaN%
org.apache.commons.math3.util.Decimal64.atan,0,2,0.0%,0,0,NaN%
org.apache.commons.math3.util.Decimal64.atan2,0,2,0.0%,0,0,NaN%
org.apache.commons.math3.util.Decimal64.atanh,0,2,0.0%,0,0,NaN%
org.apache.commons.math3.util.Decimal64.byteValue,0,1,0.0%,0,0,NaN%
org.apache.commons.math3.util.Decimal64.cbrt,0,2,0.0%,0,0,NaN%
org.apache.commons.math3.util.Decimal64.ceil,0,2,0.0%,0,0,NaN%
org.apache.commons.math3.util.Decimal64.compareTo,0,2,0.0%,0,0,NaN%
org.apache.commons.math3.util.Decimal64.copySign,0,4,0.0%,0,0,NaN%
org.apache.commons.math3.util.Decimal64.cos,0,2,0.0%,0,0,NaN%
org.apache.commons.math3.util.Decimal64.cosh,0,2,0.0%,0,0,NaN%
org.apache.commons.math3.util.Decimal64.divide,0,4,0.0%,0,0,NaN%
org.apache.commons.math3.util.Decimal64.doubleValue,0,1,0.0%,0,0,NaN%
org.apache.commons.math3.util.Decimal64.equals,0,5,0.0%,0,4,0.0%
org.apache.commons.math3.util.Decimal64.exp,0,2,0.0%,0,0,NaN%
org.apache.commons.math3.util.Decimal64.expm1,0,2,0.0%,0,0,NaN%
org.apache.commons.math3.util.Decimal64.floatValue,0,1,0.0%,0,0,NaN%
org.apache.commons.math3.util.Decimal64.floor,0,2,0.0%,0,0,NaN%
org.apache.commons.math3.util.Decimal64.getField,0,1,0.0%,0,0,NaN%
org.apache.commons.math3.util.Decimal64.getReal,0,1,0.0%,0,0,NaN%
org.apache.commons.math3.util.Decimal64.hashCode,0,2,0.0%,0,0,NaN%
org.apache.commons.math3.util.Decimal64.hypot,0,2,0.0%,0,0,NaN%
org.apache.commons.math3.util.Decimal64.intValue,0,1,0.0%,0,0,NaN%
org.apache.commons.math3.util.Decimal64.isInfinite,0,1,0.0%,0,0,NaN%
org.apache.commons.math3.util.Decimal64.isNaN,0,1,0.0%,0,0,NaN%
org.apache.commons.math3.util.Decimal64.linearCombination,0,28,0.0%,0,8,0.0%
org.apache.commons.math3.util.Decimal64.log,0,2,0.0%,0,0,NaN%
org.apache.commons.math3.util.Decimal64.log10,0,1,0.0%,0,0,NaN%
org.apache.commons.math3.util.Decimal64.log1p,0,2,0.0%,0,0,NaN%
org.apache.commons.math3.util.Decimal64.longValue,0,1,0.0%,0,0,NaN%
org.apache.commons.math3.util.Decimal64.multiply,0,6,0.0%,0,0,NaN%
org.apache.commons.math3.util.Decimal64.negate,0,2,0.0%,0,0,NaN%
org.apache.commons.math3.util.Decimal64.pow,0,6,0.0%,0,0,NaN%
org.apache.commons.math3.util.Decimal64.reciprocal,0,2,0.0%,0,0,NaN%
org.apache.commons.math3.util.Decimal64.remainder,0,4,0.0%,0,0,NaN%
org.apache.commons.math3.util.Decimal64.rint,0,2,0.0%,0,0,NaN%
org.apache.commons.math3.util.Decimal64.rootN,0,4,0.0%,0,2,0.0%
org.apache.commons.math3.util.Decimal64.round,0,1,0.0%,0,0,NaN%
org.apache.commons.math3.util.Decimal64.scalb,0,2,0.0%,0,0,NaN%
org.apache.commons.math3.util.Decimal64.shortValue,0,1,0.0%,0,0,NaN%
org.apache.commons.math3.util.Decimal64.signum,0,2,0.0%,0,0,NaN%
org.apache.commons.math3.util.Decimal64.sin,0,2,0.0%,0,0,NaN%
org.apache.commons.math3.util.Decimal64.sinh,0,2,0.0%,0,0,NaN%
org.apache.commons.math3.util.Decimal64.sqrt,0,2,0.0%,0,0,NaN%
org.apache.commons.math3.util.Decimal64.subtract,0,4,0.0%,0,0,NaN%
org.apache.commons.math3.util.Decimal64.tan,0,2,0.0%,0,0,NaN%
org.apache.commons.math3.util.Decimal64.tanh,0,2,0.0%,0,0,NaN%
org.apache.commons.math3.util.Decimal64.toString,0,1,0.0%,0,0,NaN%
org.apache.commons.math3.util.Decimal64Field.<clinit>,0,1,0.0%,0,0,NaN%
org.apache.commons.math3.util.Decimal64Field.<init>,0,2,0.0%,0,0,NaN%
org.apache.commons.math3.util.Decimal64Field.getInstance,0,1,0.0%,0,0,NaN%
org.apache.commons.math3.util.Decimal64Field.getOne,0,2,0.0%,0,0,NaN%
org.apache.commons.math3.util.Decimal64Field.getRuntimeClass,0,1,0.0%,0,0,NaN%
org.apache.commons.math3.util.Decimal64Field.getZero,0,2,0.0%,0,0,NaN%
org.apache.commons.math3.util.DefaultTransformer.<init>,0,1,0.0%,0,0,NaN%
org.apache.commons.math3.util.DefaultTransformer.equals,0,3,0.0%,0,2,0.0%
org.apache.commons.math3.util.DefaultTransformer.hashCode,0,1,0.0%,0,0,NaN%
org.apache.commons.math3.util.DefaultTransformer.transform,0,7,0.0%,0,4,0.0%
org.apache.commons.math3.util.FastMath.<clinit>,13,13,100.0%,0,0,NaN%
org.apache.commons.math3.util.FastMath.<init>,0,1,0.0%,0,0,NaN%
org.apache.commons.math3.util.FastMath.IEEEremainder,0,1,0.0%,0,0,NaN%
org.apache.commons.math3.util.FastMath.abs,5,6,83.33333333333333%,0,0,NaN%
org.apache.commons.math3.util.FastMath.acos,38,39,97.43589743589743%,15,16,93.75%
org.apache.commons.math3.util.FastMath.acosh,1,1,100.0%,0,0,NaN%
org.apache.commons.math3.util.FastMath.asin,36,36,100.0%,12,12,100.0%
org.apache.commons.math3.util.FastMath.asinh,15,15,100.0%,12,12,100.0%
org.apache.commons.math3.util.FastMath.atan,68,69,98.55072463768116%,14,18,77.77777777777777%
org.apache.commons.math3.util.FastMath.atan2,54,57,94.73684210526316%,60,68,88.23529411764706%
org.apache.commons.math3.util.FastMath.atanh,15,15,100.0%,12,12,100.0%
org.apache.commons.math3.util.FastMath.cbrt,33,41,80.48780487804878%,3,8,37.5%
org.apache.commons.math3.util.FastMath.ceil,6,9,66.66666666666667%,3,6,50.0%
org.apache.commons.math3.util.FastMath.copySign,10,10,100.0%,4,4,100.0%
org.apache.commons.math3.util.FastMath.cos,16,24,66.66666666666667%,11,15,73.33333333333333%
org.apache.commons.math3.util.FastMath.cosQ,4,4,100.0%,0,0,NaN%
org.apache.commons.math3.util.FastMath.cosh,33,34,97.05882352941177%,11,12,91.66666666666667%
org.apache.commons.math3.util.FastMath.doubleHighPart,4,5,80.0%,3,4,75.0%
org.apache.commons.math3.util.FastMath.exp,39,50,78.0%,16,22,72.72727272727273%
org.apache.commons.math3.util.FastMath.expm1,70,71,98.59154929577464%,14,16,87.5%
org.apache.commons.math3.util.FastMath.floor,9,10,90.0%,10,12,83.33333333333333%
org.apache.commons.math3.util.FastMath.getExponent,1,2,50.0%,0,0,NaN%
org.apache.commons.math3.util.FastMath.hypot,0,15,0.0%,0,12,0.0%
org.apache.commons.math3.util.FastMath.log,101,106,95.28301886792453%,35,40,87.5%
org.apache.commons.math3.util.FastMath.log10,7,8,87.5%,1,2,50.0%
org.apache.commons.math3.util.FastMath.log1p,12,16,75.0%,6,10,60.0%
org.apache.commons.math3.util.FastMath.main,0,13,0.0%,0,0,NaN%
org.apache.commons.math3.util.FastMath.max,16,22,72.72727272727273%,14,20,70.0%
org.apache.commons.math3.util.FastMath.min,13,22,59.09090909090909%,12,20,60.0%
org.apache.commons.math3.util.FastMath.nextAfter,25,26,96.15384615384616%,39,40,97.5%
org.apache.commons.math3.util.FastMath.nextUp,1,2,50.0%,0,0,NaN%
org.apache.commons.math3.util.FastMath.polyCosine,6,6,100.0%,0,0,NaN%
org.apache.commons.math3.util.FastMath.polySine,6,6,100.0%,0,0,NaN%
org.apache.commons.math3.util.FastMath.pow,111,117,94.87179487179488%,73,82,89.02439024390245%
org.apache.commons.math3.util.FastMath.random,0,1,0.0%,0,0,NaN%
org.apache.commons.math3.util.FastMath.reducePayneHanek,0,116,0.0%,0,118,0.0%
org.apache.commons.math3.util.FastMath.rint,0,10,0.0%,0,8,0.0%
org.apache.commons.math3.util.FastMath.round,0,2,0.0%,0,0,NaN%
org.apache.commons.math3.util.FastMath.scalb,66,72,91.66666666666667%,62,80,77.5%
org.apache.commons.math3.util.FastMath.signum,2,2,100.0%,8,8,100.0%
org.apache.commons.math3.util.FastMath.sin,21,33,63.63636363636363%,14,21,66.66666666666667%
org.apache.commons.math3.util.FastMath.sinQ,29,29,100.0%,2,2,100.0%
org.apache.commons.math3.util.FastMath.sinh,65,67,97.01492537313433%,16,18,88.88888888888889%
org.apache.commons.math3.util.FastMath.sqrt,1,1,100.0%,0,0,NaN%
org.apache.commons.math3.util.FastMath.tan,28,39,71.7948717948718%,14,20,70.0%
org.apache.commons.math3.util.FastMath.tanQ,53,53,100.0%,6,6,100.0%
org.apache.commons.math3.util.FastMath.tanh,55,59,93.22033898305085%,10,14,71.42857142857143%
org.apache.commons.math3.util.FastMath.toDegrees,4,5,80.0%,2,4,50.0%
org.apache.commons.math3.util.FastMath.toRadians,6,8,75.0%,3,6,50.0%
org.apache.commons.math3.util.FastMath.ulp,2,6,33.333333333333336%,1,4,25.0%
org.apache.commons.math3.util.FastMath$CodyWaite.<init>,17,19,89.47368421052632%,1,2,50.0%
org.apache.commons.math3.util.FastMath$CodyWaite.getK,1,1,100.0%,0,0,NaN%
org.apache.commons.math3.util.FastMath$CodyWaite.getRemA,1,1,100.0%,0,0,NaN%
org.apache.commons.math3.util.FastMath$CodyWaite.getRemB,1,1,100.0%,0,0,NaN%
org.apache.commons.math3.util.FastMath$ExpFracTable.<clinit>,3,3,100.0%,0,0,NaN%
org.apache.commons.math3.util.FastMath$ExpFracTable.<init>,0,1,0.0%,0,0,NaN%
org.apache.commons.math3.util.FastMath$ExpFracTable.access$200,1,1,100.0%,0,0,NaN%
org.apache.commons.math3.util.FastMath$ExpFracTable.access$300,1,1,100.0%,0,0,NaN%
org.apache.commons.math3.util.FastMath$ExpIntTable.<clinit>,3,3,100.0%,0,0,NaN%
org.apache.commons.math3.util.FastMath$ExpIntTable.<init>,0,1,0.0%,0,0,NaN%
org.apache.commons.math3.util.FastMath$ExpIntTable.access$000,1,1,100.0%,0,0,NaN%
org.apache.commons.math3.util.FastMath$ExpIntTable.access$100,1,1,100.0%,0,0,NaN%
org.apache.commons.math3.util.FastMath$lnMant.<clinit>,2,2,100.0%,0,0,NaN%
org.apache.commons.math3.util.FastMath$lnMant.<init>,0,1,0.0%,0,0,NaN%
org.apache.commons.math3.util.FastMath$lnMant.access$400,1,1,100.0%,0,0,NaN%
org.apache.commons.math3.util.FastMathCalc.<clinit>,0,2,0.0%,0,0,NaN%
org.apache.commons.math3.util.FastMathCalc.<init>,0,2,0.0%,0,0,NaN%
org.apache.commons.math3.util.FastMathCalc.buildSinCosTables,0,63,0.0%,0,8,0.0%
org.apache.commons.math3.util.FastMathCalc.checkLen,0,3,0.0%,0,2,0.0%
org.apache.commons.math3.util.FastMathCalc.expint,0,18,0.0%,0,6,0.0%
org.apache.commons.math3.util.FastMathCalc.format,0,3,0.0%,0,4,0.0%
org.apache.commons.math3.util.FastMathCalc.printarray,0,18,0.0%,0,6,0.0%
org.apache.commons.math3.util.FastMathCalc.quadMult,0,35,0.0%,0,0,NaN%
org.apache.commons.math3.util.FastMathCalc.resplit,0,11,0.0%,0,4,0.0%
org.apache.commons.math3.util.FastMathCalc.slowCos,0,22,0.0%,0,8,0.0%
org.apache.commons.math3.util.FastMathCalc.slowLog,0,27,0.0%,0,2,0.0%
org.apache.commons.math3.util.FastMathCalc.slowSin,0,22,0.0%,0,8,0.0%
org.apache.commons.math3.util.FastMathCalc.slowexp,0,19,0.0%,0,4,0.0%
org.apache.commons.math3.util.FastMathCalc.split,0,9,0.0%,0,4,0.0%
org.apache.commons.math3.util.FastMathCalc.splitAdd,0,4,0.0%,0,0,NaN%
org.apache.commons.math3.util.FastMathCalc.splitMult,0,4,0.0%,0,0,NaN%
org.apache.commons.math3.util.FastMathCalc.splitReciprocal,0,13,0.0%,0,6,0.0%
org.apache.commons.math3.util.FastMathLiteralArrays.<clinit>,5,5,100.0%,0,0,NaN%
org.apache.commons.math3.util.FastMathLiteralArrays.<init>,0,1,0.0%,0,0,NaN%
org.apache.commons.math3.util.FastMathLiteralArrays.loadExpFracA,1,1,100.0%,0,0,NaN%
org.apache.commons.math3.util.FastMathLiteralArrays.loadExpFracB,1,1,100.0%,0,0,NaN%
org.apache.commons.math3.util.FastMathLiteralArrays.loadExpIntA,1,1,100.0%,0,0,NaN%
org.apache.commons.math3.util.FastMathLiteralArrays.loadExpIntB,1,1,100.0%,0,0,NaN%
org.apache.commons.math3.util.FastMathLiteralArrays.loadLnMant,1,1,100.0%,0,0,NaN%
org.apache.commons.math3.util.Incrementor.<init>,0,11,0.0%,0,2,0.0%
org.apache.commons.math3.util.Incrementor.canIncrement,0,1,0.0%,0,2,0.0%
org.apache.commons.math3.util.Incrementor.getCount,0,1,0.0%,0,0,NaN%
org.apache.commons.math3.util.Incrementor.getMaximalCount,0,1,0.0%,0,0,NaN%
org.apache.commons.math3.util.Incrementor.incrementCount,0,6,0.0%,0,4,0.0%
org.apache.commons.math3.util.Incrementor.resetCount,0,2,0.0%,0,0,NaN%
org.apache.commons.math3.util.Incrementor.setMaximalCount,0,2,0.0%,0,0,NaN%
org.apache.commons.math3.util.Incrementor$1.<init>,0,1,0.0%,0,0,NaN%
org.apache.commons.math3.util.Incrementor$1.trigger,0,1,0.0%,0,0,NaN%
org.apache.commons.math3.util.IterationEvent.<init>,0,3,0.0%,0,0,NaN%
org.apache.commons.math3.util.IterationEvent.getIterations,0,1,0.0%,0,0,NaN%
org.apache.commons.math3.util.IterationManager.<init>,0,8,0.0%,0,0,NaN%
org.apache.commons.math3.util.IterationManager.addIterationListener,0,2,0.0%,0,0,NaN%
org.apache.commons.math3.util.IterationManager.fireInitializationEvent,0,4,0.0%,0,2,0.0%
org.apache.commons.math3.util.IterationManager.fireIterationPerformedEvent,0,4,0.0%,0,2,0.0%
org.apache.commons.math3.util.IterationManager.fireIterationStartedEvent,0,4,0.0%,0,2,0.0%
org.apache.commons.math3.util.IterationManager.fireTerminationEvent,0,4,0.0%,0,2,0.0%
org.apache.commons.math3.util.IterationManager.getIterations,0,1,0.0%,0,0,NaN%
org.apache.commons.math3.util.IterationManager.getMaxIterations,0,1,0.0%,0,0,NaN%
org.apache.commons.math3.util.IterationManager.incrementIterationCount,0,2,0.0%,0,0,NaN%
org.apache.commons.math3.util.IterationManager.removeIterationListener,0,2,0.0%,0,0,NaN%
org.apache.commons.math3.util.IterationManager.resetIterationCount,0,2,0.0%,0,0,NaN%
org.apache.commons.math3.util.MathArrays.<init>,0,1,0.0%,0,0,NaN%
org.apache.commons.math3.util.MathArrays.buildArray,0,11,0.0%,0,4,0.0%
org.apache.commons.math3.util.MathArrays.checkNonNegative,9,9,100.0%,10,10,100.0%
org.apache.commons.math3.util.MathArrays.checkOrder,22,25,88.0%,20,21,95.23809523809524%
org.apache.commons.math3.util.MathArrays.checkPositive,4,4,100.0%,4,4,100.0%
org.apache.commons.math3.util.MathArrays.checkRectangular,5,5,100.0%,4,4,100.0%
org.apache.commons.math3.util.MathArrays.convolve,16,16,100.0%,10,10,100.0%
org.apache.commons.math3.util.MathArrays.copyOf,8,8,100.0%,0,0,NaN%
org.apache.commons.math3.util.MathArrays.distance,10,10,100.0%,4,4,100.0%
org.apache.commons.math3.util.MathArrays.distance1,8,8,100.0%,4,4,100.0%
org.apache.commons.math3.util.MathArrays.distanceInf,8,8,100.0%,4,4,100.0%
org.apache.commons.math3.util.MathArrays.ebeAdd,6,6,100.0%,4,4,100.0%
org.apache.commons.math3.util.MathArrays.ebeDivide,6,6,100.0%,4,4,100.0%
org.apache.commons.math3.util.MathArrays.ebeMultiply,6,6,100.0%,4,4,100.0%
org.apache.commons.math3.util.MathArrays.ebeSubtract,6,6,100.0%,4,4,100.0%
org.apache.commons.math3.util.MathArrays.equals,8,16,50.0%,16,32,50.0%
org.apache.commons.math3.util.MathArrays.equalsIncludingNaN,8,16,50.0%,16,32,50.0%
org.apache.commons.math3.util.MathArrays.isMonotonic,19,20,95.0%,16,17,94.11764705882354%
org.apache.commons.math3.util.MathArrays.linearCombination,138,139,99.28057553956835%,17,18,94.44444444444444%
org.apache.commons.math3.util.MathArrays.normalizeArray,19,19,100.0%,16,16,100.0%
org.apache.commons.math3.util.MathArrays.safeNorm,0,37,0.0%,0,20,0.0%
org.apache.commons.math3.util.MathArrays.scale,4,4,100.0%,2,2,100.0%
org.apache.commons.math3.util.MathArrays.scaleInPlace,3,3,100.0%,2,2,100.0%
org.apache.commons.math3.util.MathArrays.shuffle,18,25,72.0%,10,11,90.9090909090909%
org.apache.commons.math3.util.MathArrays.sortInPlace,27,28,96.42857142857143%,17,18,94.44444444444444%
org.apache.commons.math3.util.MathArrays$1.<init>,1,1,100.0%,0,0,NaN%
org.apache.commons.math3.util.MathArrays$1.compare,2,2,100.0%,0,0,NaN%
org.apache.commons.math3.util.MathArrays$2.<init>,1,1,100.0%,0,0,NaN%
org.apache.commons.math3.util.MathArrays$2.compare,2,2,100.0%,0,0,NaN%
org.apache.commons.math3.util.MathArrays$3.<clinit>,2,2,100.0%,0,0,NaN%
org.apache.commons.math3.util.MathArrays$OrderDirection.<clinit>,3,3,100.0%,0,0,NaN%
org.apache.commons.math3.util.MathArrays$OrderDirection.<init>,1,1,100.0%,0,0,NaN%
org.apache.commons.math3.util.MathArrays$OrderDirection.valueOf,0,1,0.0%,0,0,NaN%
org.apache.commons.math3.util.MathArrays$OrderDirection.values,1,1,100.0%,0,0,NaN%
org.apache.commons.math3.util.MathArrays$Position.<clinit>,3,3,100.0%,0,0,NaN%
org.apache.commons.math3.util.MathArrays$Position.<init>,1,1,100.0%,0,0,NaN%
org.apache.commons.math3.util.MathArrays$Position.valueOf,0,1,0.0%,0,0,NaN%
org.apache.commons.math3.util.MathArrays$Position.values,1,1,100.0%,0,0,NaN%
org.apache.commons.math3.util.MathUtils.<init>,0,1,0.0%,0,0,NaN%
org.apache.commons.math3.util.MathUtils.checkFinite,0,8,0.0%,0,10,0.0%
org.apache.commons.math3.util.MathUtils.checkNotNull,3,6,50.0%,2,4,50.0%
org.apache.commons.math3.util.MathUtils.copySign,0,20,0.0%,0,48,0.0%
org.apache.commons.math3.util.MathUtils.hash,0,2,0.0%,0,0,NaN%
org.apache.commons.math3.util.MathUtils.normalizeAngle,0,1,0.0%,0,0,NaN%
org.apache.commons.math3.util.MathUtils.reduce,0,2,0.0%,0,0,NaN%
org.apache.commons.math3.util.MultidimensionalCounter.<init>,0,17,0.0%,0,6,0.0%
org.apache.commons.math3.util.MultidimensionalCounter.access$000,0,1,0.0%,0,0,NaN%
org.apache.commons.math3.util.MultidimensionalCounter.access$100,0,1,0.0%,0,0,NaN%
org.apache.commons.math3.util.MultidimensionalCounter.access$200,0,1,0.0%,0,0,NaN%
org.apache.commons.math3.util.MultidimensionalCounter.getCount,0,9,0.0%,0,8,0.0%
org.apache.commons.math3.util.MultidimensionalCounter.getCounts,0,15,0.0%,0,8,0.0%
org.apache.commons.math3.util.MultidimensionalCounter.getDimension,0,1,0.0%,0,0,NaN%
org.apache.commons.math3.util.MultidimensionalCounter.getSize,0,1,0.0%,0,0,NaN%
org.apache.commons.math3.util.MultidimensionalCounter.getSizes,0,1,0.0%,0,0,NaN%
org.apache.commons.math3.util.MultidimensionalCounter.iterator,0,2,0.0%,0,0,NaN%
org.apache.commons.math3.util.MultidimensionalCounter.toString,0,4,0.0%,0,2,0.0%
org.apache.commons.math3.util.MultidimensionalCounter$Iterator.<init>,0,5,0.0%,0,0,NaN%
org.apache.commons.math3.util.MultidimensionalCounter$Iterator.getCount,0,2,0.0%,0,0,NaN%
org.apache.commons.math3.util.MultidimensionalCounter$Iterator.getCounts,0,1,0.0%,0,0,NaN%
org.apache.commons.math3.util.MultidimensionalCounter$Iterator.hasNext,0,4,0.0%,0,4,0.0%
org.apache.commons.math3.util.MultidimensionalCounter$Iterator.next,0,7,0.0%,0,4,0.0%
org.apache.commons.math3.util.MultidimensionalCounter$Iterator.remove,0,1,0.0%,0,0,NaN%
org.apache.commons.math3.util.OpenIntToDoubleHashMap.<init>,0,27,0.0%,0,0,NaN%
org.apache.commons.math3.util.OpenIntToDoubleHashMap.access$100,0,1,0.0%,0,0,NaN%
org.apache.commons.math3.util.OpenIntToDoubleHashMap.access$200,0,1,0.0%,0,0,NaN%
org.apache.commons.math3.util.OpenIntToDoubleHashMap.access$300,0,1,0.0%,0,0,NaN%
org.apache.commons.math3.util.OpenIntToDoubleHashMap.access$400,0,1,0.0%,0,0,NaN%
org.apache.commons.math3.util.OpenIntToDoubleHashMap.changeIndexSign,0,1,0.0%,0,0,NaN%
org.apache.commons.math3.util.OpenIntToDoubleHashMap.computeCapacity,0,7,0.0%,0,4,0.0%
org.apache.commons.math3.util.OpenIntToDoubleHashMap.containsKey,0,14,0.0%,0,14,0.0%
org.apache.commons.math3.util.OpenIntToDoubleHashMap.doRemove,0,7,0.0%,0,0,NaN%
org.apache.commons.math3.util.OpenIntToDoubleHashMap.findInsertionIndex,0,27,0.0%,0,22,0.0%
org.apache.commons.math3.util.OpenIntToDoubleHashMap.get,0,13,0.0%,0,8,0.0%
org.apache.commons.math3.util.OpenIntToDoubleHashMap.growTable,0,21,0.0%,0,4,0.0%
org.apache.commons.math3.util.OpenIntToDoubleHashMap.hashOf,0,2,0.0%,0,0,NaN%
org.apache.commons.math3.util.OpenIntToDoubleHashMap.iterator,0,1,0.0%,0,0,NaN%
org.apache.commons.math3.util.OpenIntToDoubleHashMap.nextPowerOfTwo,0,1,0.0%,0,0,NaN%
org.apache.commons.math3.util.OpenIntToDoubleHashMap.perturb,0,1,0.0%,0,0,NaN%
org.apache.commons.math3.util.OpenIntToDoubleHashMap.probe,0,1,0.0%,0,0,NaN%
org.apache.commons.math3.util.OpenIntToDoubleHashMap.put,0,16,0.0%,0,6,0.0%
org.apache.commons.math3.util.OpenIntToDoubleHashMap.readObject,0,3,0.0%,0,0,NaN%
org.apache.commons.math3.util.OpenIntToDoubleHashMap.remove,0,13,0.0%,0,8,0.0%
org.apache.commons.math3.util.OpenIntToDoubleHashMap.shouldGrowTable,0,1,0.0%,0,2,0.0%
org.apache.commons.math3.util.OpenIntToDoubleHashMap.size,0,1,0.0%,0,0,NaN%
org.apache.commons.math3.util.OpenIntToDoubleHashMap$Iterator.<init>,0,7,0.0%,0,0,NaN%
org.apache.commons.math3.util.OpenIntToDoubleHashMap$Iterator.advance,0,9,0.0%,0,6,0.0%
org.apache.commons.math3.util.OpenIntToDoubleHashMap$Iterator.hasNext,0,1,0.0%,0,2,0.0%
org.apache.commons.math3.util.OpenIntToDoubleHashMap$Iterator.key,0,5,0.0%,0,4,0.0%
org.apache.commons.math3.util.OpenIntToDoubleHashMap$Iterator.value,0,5,0.0%,0,4,0.0%
org.apache.commons.math3.util.OpenIntToFieldHashMap.<init>,0,29,0.0%,0,0,NaN%
org.apache.commons.math3.util.OpenIntToFieldHashMap.access$100,0,1,0.0%,0,0,NaN%
org.apache.commons.math3.util.OpenIntToFieldHashMap.access$200,0,1,0.0%,0,0,NaN%
org.apache.commons.math3.util.OpenIntToFieldHashMap.access$300,0,1,0.0%,0,0,NaN%
org.apache.commons.math3.util.OpenIntToFieldHashMap.access$400,0,1,0.0%,0,0,NaN%
org.apache.commons.math3.util.OpenIntToFieldHashMap.buildArray,0,1,0.0%,0,0,NaN%
org.apache.commons.math3.util.OpenIntToFieldHashMap.changeIndexSign,0,1,0.0%,0,0,NaN%
org.apache.commons.math3.util.OpenIntToFieldHashMap.computeCapacity,0,7,0.0%,0,4,0.0%
org.apache.commons.math3.util.OpenIntToFieldHashMap.containsKey,0,14,0.0%,0,14,0.0%
org.apache.commons.math3.util.OpenIntToFieldHashMap.doRemove,0,7,0.0%,0,0,NaN%
org.apache.commons.math3.util.OpenIntToFieldHashMap.findInsertionIndex,0,27,0.0%,0,22,0.0%
org.apache.commons.math3.util.OpenIntToFieldHashMap.get,0,13,0.0%,0,8,0.0%
org.apache.commons.math3.util.OpenIntToFieldHashMap.growTable,0,21,0.0%,0,4,0.0%
org.apache.commons.math3.util.OpenIntToFieldHashMap.hashOf,0,2,0.0%,0,0,NaN%
org.apache.commons.math3.util.OpenIntToFieldHashMap.iterator,0,1,0.0%,0,0,NaN%
org.apache.commons.math3.util.OpenIntToFieldHashMap.nextPowerOfTwo,0,1,0.0%,0,0,NaN%
org.apache.commons.math3.util.OpenIntToFieldHashMap.perturb,0,1,0.0%,0,0,NaN%
org.apache.commons.math3.util.OpenIntToFieldHashMap.probe,0,1,0.0%,0,0,NaN%
org.apache.commons.math3.util.OpenIntToFieldHashMap.put,0,16,0.0%,0,6,0.0%
org.apache.commons.math3.util.OpenIntToFieldHashMap.readObject,0,3,0.0%,0,0,NaN%
org.apache.commons.math3.util.OpenIntToFieldHashMap.remove,0,13,0.0%,0,8,0.0%
org.apache.commons.math3.util.OpenIntToFieldHashMap.shouldGrowTable,0,1,0.0%,0,2,0.0%
org.apache.commons.math3.util.OpenIntToFieldHashMap.size,0,1,0.0%,0,0,NaN%
org.apache.commons.math3.util.OpenIntToFieldHashMap$Iterator.<init>,0,7,0.0%,0,0,NaN%
org.apache.commons.math3.util.OpenIntToFieldHashMap$Iterator.advance,0,9,0.0%,0,6,0.0%
org.apache.commons.math3.util.OpenIntToFieldHashMap$Iterator.hasNext,0,1,0.0%,0,2,0.0%
org.apache.commons.math3.util.OpenIntToFieldHashMap$Iterator.key,0,5,0.0%,0,4,0.0%
org.apache.commons.math3.util.OpenIntToFieldHashMap$Iterator.value,0,5,0.0%,0,4,0.0%
org.apache.commons.math3.util.Pair.<init>,4,6,66.66666666666667%,0,0,NaN%
org.apache.commons.math3.util.Pair.equals,0,8,0.0%,0,16,0.0%
org.apache.commons.math3.util.Pair.getFirst,0,1,0.0%,0,0,NaN%
org.apache.commons.math3.util.Pair.getKey,1,1,100.0%,0,0,NaN%
org.apache.commons.math3.util.Pair.getSecond,0,1,0.0%,0,0,NaN%
org.apache.commons.math3.util.Pair.getValue,1,1,100.0%,0,0,NaN%
org.apache.commons.math3.util.Pair.hashCode,0,4,0.0%,0,4,0.0%
org.apache.commons.math3.util.Precision.<clinit>,3,3,100.0%,0,0,NaN%
org.apache.commons.math3.util.Precision.<init>,0,1,0.0%,0,0,NaN%
org.apache.commons.math3.util.Precision.compareTo,10,10,100.0%,8,8,100.0%
org.apache.commons.math3.util.Precision.equals,19,20,95.0%,28,32,87.5%
org.apache.commons.math3.util.Precision.equalsIncludingNaN,3,6,50.0%,16,32,50.0%
org.apache.commons.math3.util.Precision.equalsWithRelativeTolerance,5,5,100.0%,4,4,100.0%
org.apache.commons.math3.util.Precision.representableDelta,1,1,100.0%,0,0,NaN%
org.apache.commons.math3.util.Precision.round,12,12,100.0%,2,2,100.0%
org.apache.commons.math3.util.Precision.roundUnscaled,48,48,100.0%,25,25,100.0%
org.apache.commons.math3.util.ResizableDoubleArray.<init>,0,45,0.0%,0,6,0.0%
org.apache.commons.math3.util.ResizableDoubleArray.addElement,0,4,0.0%,0,2,0.0%
org.apache.commons.math3.util.ResizableDoubleArray.addElementRolling,0,8,0.0%,0,4,0.0%
org.apache.commons.math3.util.ResizableDoubleArray.addElements,0,7,0.0%,0,0,NaN%
org.apache.commons.math3.util.ResizableDoubleArray.checkContractExpand,0,18,0.0%,0,6,0.0%
org.apache.commons.math3.util.ResizableDoubleArray.clear,0,3,0.0%,0,0,NaN%
org.apache.commons.math3.util.ResizableDoubleArray.compute,0,6,0.0%,0,0,NaN%
org.apache.commons.math3.util.ResizableDoubleArray.contract,0,5,0.0%,0,0,NaN%
org.apache.commons.math3.util.ResizableDoubleArray.copy,0,17,0.0%,0,0,NaN%
org.apache.commons.math3.util.ResizableDoubleArray.discardExtremeElements,0,12,0.0%,0,8,0.0%
org.apache.commons.math3.util.ResizableDoubleArray.discardFrontElements,0,2,0.0%,0,0,NaN%
org.apache.commons.math3.util.ResizableDoubleArray.discardMostRecentElements,0,2,0.0%,0,0,NaN%
org.apache.commons.math3.util.ResizableDoubleArray.equals,0,17,0.0%,0,24,0.0%
org.apache.commons.math3.util.ResizableDoubleArray.expand,0,7,0.0%,0,2,0.0%
org.apache.commons.math3.util.ResizableDoubleArray.expandTo,0,4,0.0%,0,0,NaN%
org.apache.commons.math3.util.ResizableDoubleArray.getArrayRef,0,1,0.0%,0,0,NaN%
org.apache.commons.math3.util.ResizableDoubleArray.getCapacity,0,1,0.0%,0,0,NaN%
org.apache.commons.math3.util.ResizableDoubleArray.getContractionCriteria,0,1,0.0%,0,0,NaN%
org.apache.commons.math3.util.ResizableDoubleArray.getContractionCriterion,0,1,0.0%,0,0,NaN%
org.apache.commons.math3.util.ResizableDoubleArray.getElement,0,5,0.0%,0,4,0.0%
org.apache.commons.math3.util.ResizableDoubleArray.getElements,0,3,0.0%,0,0,NaN%
org.apache.commons.math3.util.ResizableDoubleArray.getExpansionFactor,0,1,0.0%,0,0,NaN%
org.apache.commons.math3.util.ResizableDoubleArray.getExpansionMode,0,4,0.0%,0,3,0.0%
org.apache.commons.math3.util.ResizableDoubleArray.getInternalLength,0,1,0.0%,0,0,NaN%
org.apache.commons.math3.util.ResizableDoubleArray.getInternalValues,0,1,0.0%,0,0,NaN%
org.apache.commons.math3.util.ResizableDoubleArray.getNumElements,0,1,0.0%,0,0,NaN%
org.apache.commons.math3.util.ResizableDoubleArray.getStartIndex,0,1,0.0%,0,0,NaN%
org.apache.commons.math3.util.ResizableDoubleArray.hashCode,0,8,0.0%,0,0,NaN%
org.apache.commons.math3.util.ResizableDoubleArray.setContractionCriteria,0,5,0.0%,0,0,NaN%
org.apache.commons.math3.util.ResizableDoubleArray.setElement,0,8,0.0%,0,6,0.0%
org.apache.commons.math3.util.ResizableDoubleArray.setExpansionFactor,0,5,0.0%,0,0,NaN%
org.apache.commons.math3.util.ResizableDoubleArray.setExpansionMode,0,13,0.0%,0,8,0.0%
org.apache.commons.math3.util.ResizableDoubleArray.setInitialCapacity,0,1,0.0%,0,0,NaN%
org.apache.commons.math3.util.ResizableDoubleArray.setNumElements,0,8,0.0%,0,4,0.0%
org.apache.commons.math3.util.ResizableDoubleArray.shouldContract,0,3,0.0%,0,6,0.0%
org.apache.commons.math3.util.ResizableDoubleArray.start,0,1,0.0%,0,0,NaN%
org.apache.commons.math3.util.ResizableDoubleArray.substituteMostRecentElement,0,6,0.0%,0,2,0.0%
org.apache.commons.math3.util.ResizableDoubleArray$1.<clinit>,0,1,0.0%,0,0,NaN%
org.apache.commons.math3.util.ResizableDoubleArray$ExpansionMode.<clinit>,0,3,0.0%,0,0,NaN%
org.apache.commons.math3.util.ResizableDoubleArray$ExpansionMode.<init>,0,1,0.0%,0,0,NaN%
org.apache.commons.math3.util.ResizableDoubleArray$ExpansionMode.valueOf,0,1,0.0%,0,0,NaN%
org.apache.commons.math3.util.ResizableDoubleArray$ExpansionMode.values,0,1,0.0%,0,0,NaN%
org.apache.commons.math3.util.TransformerMap.<init>,0,6,0.0%,0,0,NaN%
org.apache.commons.math3.util.TransformerMap.classes,0,1,0.0%,0,0,NaN%
org.apache.commons.math3.util.TransformerMap.clear,0,2,0.0%,0,0,NaN%
org.apache.commons.math3.util.TransformerMap.containsClass,0,1,0.0%,0,0,NaN%
org.apache.commons.math3.util.TransformerMap.containsTransformer,0,1,0.0%,0,0,NaN%
org.apache.commons.math3.util.TransformerMap.equals,0,14,0.0%,0,12,0.0%
org.apache.commons.math3.util.TransformerMap.getTransformer,0,1,0.0%,0,0,NaN%
org.apache.commons.math3.util.TransformerMap.hashCode,0,5,0.0%,0,2,0.0%
org.apache.commons.math3.util.TransformerMap.putTransformer,0,1,0.0%,0,0,NaN%
org.apache.commons.math3.util.TransformerMap.removeTransformer,0,1,0.0%,0,0,NaN%
org.apache.commons.math3.util.TransformerMap.transform,0,7,0.0%,0,6,0.0%
org.apache.commons.math3.util.TransformerMap.transformers,0,1,0.0%,0,0,NaN%
